{"cameraMode":{"drawMode":0,"name":"Shaded","section":"Shading Mode"},"sceneLighting":true,"audioPlay":false,"sceneViewState":{"showFog":true,"showMaterialUpdate":false,"showSkybox":true,"showFlares":true,"showImageEffects":true,"showParticleSystems":true},"in2DMode":false,"pivot":{"x":0.4597294330596924,"y":1.046727180480957,"z":0.561363697052002},"rotation":{"x":-0.20246535539627076,"y":-0.06399204581975937,"z":0.013260464183986187,"w":-0.977106511592865},"size":6.048753261566162,"orthographic":false}